epoch,duration_sec,avg_loss,train_rmse,val_rmse
1,0.26,14.082829,16.327195,17.590311
2,0.04,14.293250,15.884837,17.283334
