epoch,duration_sec,avg_loss,train_rmse,val_rmse
1,1.71,14.082829,16.327195,17.590311
2,0.24,13.682785,16.327195,17.590311
3,0.07,14.603638,16.327195,17.590311
