epoch,duration_sec,avg_loss,train_rmse,val_rmse
1,1.05,14.082829,16.327195,17.590311
2,0.07,14.293251,15.884837,17.283334
3,0.22,13.118373,15.884837,17.283334
